user_genome	classification	fastani_reference	fastani_reference_radius	fastani_taxonomy	fastani_ani	fastani_af	closest_placement_reference	closest_placement_radius	closest_placement_taxonomy	closest_placement_ani	closest_placement_af	pplacer_taxonomy	classification_method	note	other_related_references(genome_id,species_name,radius,ANI,AF)	msa_percent	translation_table	red_value	warnings
scaffold_12	d__Bacteria;p__Proteobacteria;c__Alphaproteobacteria;o__Rhodobacterales;f__Rhodobacteraceae;g__Nioella;s__	N/A	N/A	N/A	N/A	N/A	N/A	N/A	N/A	N/A	N/A	d__Bacteria;p__Proteobacteria;c__Alphaproteobacteria;o__Rhodobacterales;f__Rhodobacteraceae;g__Nioella;s__	taxonomic classification defined by topology and ANI	N/A	GCF_004000255.1, s__Nioella ostreopsis, 95.0, 86.68, 0.77; GCF_001879695.1, s__Nioella sediminis, 95.0, 86.41, 0.87; GCF_001879715.1, s__Nioella nitratireducens, 95.0, 81.62, 0.63; GCA_003428585.1, s__Nioella sp003428585, 95.0, 80.64, 0.66; GCA_002783145.1, s__Nioella sp002783145, 95.0, 80.36, 0.63	97.28	11	0.9891522039751273	Genome not assigned to closest species as it falls outside its pre-defined ANI radius
scaffold_126	d__Bacteria;p__Bacteroidota;c__Bacteroidia;o__Flavobacteriales;f__Flavobacteriaceae;g__Muricauda;s__	N/A	N/A	N/A	N/A	N/A	GCF_001683915.1	95.0	d__Bacteria;p__Bacteroidota;c__Bacteroidia;o__Flavobacteriales;f__Flavobacteriaceae;g__Muricauda;s__Muricauda sp001683915	87.25	0.74	d__Bacteria;p__Bacteroidota;c__Bacteroidia;o__Flavobacteriales;f__Flavobacteriaceae;g__Muricauda;s__	taxonomic classification defined by topology and ANI	N/A	GCF_000745185.1, s__Muricauda sp000745185, 95.0, 83.76, 0.81; GCF_017313225.1, s__Muricauda sp017313225, 95.0, 83.06, 0.76; GCF_003581615.1, s__Muricauda lutimaris, 95.0, 79.4, 0.39; GCA_013911645.1, s__Muricauda sp013911645, 95.0, 79.36, 0.39; GCF_010468565.1, s__Muricauda sp010468565, 95.0, 79.26, 0.39; GCF_000224085.1, s__Muricauda ruestringensis, 95.0, 79.19, 0.42; GCF_004916895.1, s__Muricauda alvinocaridis, 95.0, 79.16, 0.43; GCA_002167435.2, s__Muricauda sp002167435, 95.0, 79.07, 0.36; GCF_007785775.2, s__Muricauda sp003973595, 95.0, 79.04, 0.37; GCF_017313105.1, s__Muricauda sp017313105, 95.0, 79.02, 0.33; GCF_011068285.1, s__Muricauda sp011068285, 95.0, 78.99, 0.35; GCF_017313785.1, s__Muricauda sp002711825, 95.0, 78.98, 0.35; GCF_002813125.1, s__Muricauda sp002813125, 95.0, 78.94, 0.39; GCF_003385855.1, s__Muricauda sp003385855, 95.0, 78.93, 0.46; GCF_017313275.1, s__Muricauda lutimaris_A, 95.0, 78.88, 0.36; GCF_003584165.1, s__Muricauda sp003584165, 95.0, 78.82, 0.43; GCA_002699205.1, s__Muricauda sp002699205, 95.0, 78.81, 0.31; GCF_003058265.1, s__Muricauda sp003058265, 95.0, 78.79, 0.37; GCF_009184425.1, s__Muricauda olearia, 95.0, 78.75, 0.47; GCF_900102925.1, s__Muricauda zhangzhouensis, 95.0, 78.72, 0.33; GCF_003992595.1, s__Muricauda sp002452975, 95.0, 78.7, 0.39; GCF_003584135.1, s__Muricauda sp003584135, 95.0, 78.6, 0.42; GCA_017795065.1, s__Muricauda sp017795065, 95.0, 78.56, 0.36; GCA_018222835.1, s__Muricauda sp018222835, 95.0, 78.52, 0.3; GCF_003584105.1, s__Muricauda taeanensis, 95.0, 78.45, 0.39; GCF_003057865.1, s__Muricauda brasiliensis, 95.0, 78.37, 0.35; GCF_013407935.1, s__Muricauda sp013407935, 95.0, 78.35, 0.34; GCF_010500845.1, s__Muricauda sediminis, 95.0, 78.31, 0.39; GCF_003992675.1, s__Muricauda aquimarina, 95.0, 78.22, 0.36; GCF_003992615.1, s__Muricauda beolgyonensis, 95.0, 78.2, 0.33; GCF_009903685.1, s__Muricauda ochracea, 95.0, 77.94, 0.28; GCF_013090115.1, s__Muricauda amphidinii, 95.0, 77.78, 0.27; GCF_001413955.1, s__Muricauda eckloniae, 95.0, 77.76, 0.21; GCF_010993855.1, s__Muricauda sp010993855, 95.0, 77.76, 0.23; GCF_005937185.1, s__Muricauda algicola, 95.0, 77.58, 0.24; GCF_003149745.1, s__Muricauda koreensis, 95.0, 77.56, 0.21; GCF_900129665.1, s__Muricauda flava, 95.0, 77.51, 0.23; GCF_900215465.1, s__Muricauda pacifica_A, 95.0, 77.51, 0.24; GCF_004804315.1, s__Muricauda sp004804315, 95.0, 77.45, 0.22; GCF_014698935.1, s__Muricauda sp014698935, 95.0, 77.42, 0.21; GCF_008040165.1, s__Muricauda hymeniacidonis, 95.0, 77.33, 0.25; GCF_003382275.1, s__Muricauda nanhaiensis, 95.0, 77.33, 0.29; GCF_004296335.1, s__Muricauda sp004296335, 95.0, 77.21, 0.18; GCF_003269425.1, s__Muricauda maritima, 95.0, 77.14, 0.2; GCF_010993815.1, s__Muricauda sp010993815, 95.0, 76.97, 0.16; GCF_018449435.1, s__Muricauda sp018449435, 95.0, 76.96, 0.18; GCF_003001695.1, s__Muricauda pacifica, 95.0, 76.93, 0.16	22.99	11	0.9847001804347634	Genome not assigned to closest species as it falls outside its pre-defined ANI radius
scaffold_14	d__Bacteria;p__Proteobacteria;c__Alphaproteobacteria;o__Rhodobacterales;f__Rhodobacteraceae;g__Marivita;s__	N/A	N/A	N/A	N/A	N/A	N/A	N/A	N/A	N/A	N/A	d__Bacteria;p__Proteobacteria;c__Alphaproteobacteria;o__Rhodobacterales;f__Rhodobacteraceae;g__Marivita;s__	taxonomic classification defined by topology and ANI	N/A	GCF_002115725.1, s__Marivita cryptomonadis, 95.0, 85.04, 0.75; GCA_017643905.1, s__Marivita sp017643905, 95.0, 83.44, 0.67; GCF_002115805.1, s__Marivita geojedonensis, 95.0, 82.1, 0.62; GCF_014637725.1, s__Marivita lacus, 95.0, 81.97, 0.66; GCA_003149565.1, s__Marivita sp003149565, 95.0, 81.76, 0.59; GCF_900129875.1, s__Marivita hallyeonensis, 95.0, 79.41, 0.46	96.9	11	0.9907402260307299	Genome not assigned to closest species as it falls outside its pre-defined ANI radius
scaffold_142	d__Bacteria;p__Proteobacteria;c__Alphaproteobacteria;o__Rhodobacterales;f__Rhodobacteraceae;g__Marivita;s__	N/A	N/A	N/A	N/A	N/A	GCF_014637725.1	95.0	d__Bacteria;p__Proteobacteria;c__Alphaproteobacteria;o__Rhodobacterales;f__Rhodobacteraceae;g__Marivita;s__Marivita lacus	83.1	0.67	d__Bacteria;p__Proteobacteria;c__Alphaproteobacteria;o__Rhodobacterales;f__Rhodobacteraceae;g__Marivita;s__	taxonomic classification defined by topology and ANI	N/A	GCF_002115725.1, s__Marivita cryptomonadis, 95.0, 82.5, 0.6; GCA_017643905.1, s__Marivita sp017643905, 95.0, 82.4, 0.56; GCF_002115805.1, s__Marivita geojedonensis, 95.0, 82.03, 0.61; GCA_003149565.1, s__Marivita sp003149565, 95.0, 81.43, 0.55; GCF_900129875.1, s__Marivita hallyeonensis, 95.0, 79.96, 0.53	39.28	11	0.9940940884354024	Genome not assigned to closest species as it falls outside its pre-defined ANI radius
scaffold_19	d__Bacteria;p__Proteobacteria;c__Alphaproteobacteria;o__Rhodobacterales;f__Rhodobacteraceae;g__Sulfitobacter;s__Sulfitobacter sp001650875	GCF_001650875.1	95.0	d__Bacteria;p__Proteobacteria;c__Alphaproteobacteria;o__Rhodobacterales;f__Rhodobacteraceae;g__Sulfitobacter;s__Sulfitobacter sp001650875	98.34	0.93	GCF_001650875.1	95.0	d__Bacteria;p__Proteobacteria;c__Alphaproteobacteria;o__Rhodobacterales;f__Rhodobacteraceae;g__Sulfitobacter;s__Sulfitobacter sp001650875	98.34	0.93	d__Bacteria;p__Proteobacteria;c__Alphaproteobacteria;o__Rhodobacterales;f__Rhodobacteraceae;g__Sulfitobacter;s__	taxonomic classification defined by topology and ANI	topological placement and ANI have congruent species assignments	GCF_003335585.1, s__Sulfitobacter sp003335585, 95.0, 90.19, 0.89; GCF_009363555.1, s__Sulfitobacter sp009363555, 95.0, 84.01, 0.73; GCF_001886735.1, s__Sulfitobacter alexandrii, 95.0, 82.26, 0.72; GCF_017743885.1, s__Sulfitobacter sp001635605, 95.0, 79.58, 0.52; GCF_003611275.1, s__Sulfitobacter sp001634775, 95.0, 79.43, 0.44; GCA_017854855.1, s__Sulfitobacter sp017854855, 95.0, 79.39, 0.49; GCF_001634885.1, s__Sulfitobacter sp001634885, 95.0, 79.36, 0.43; GCF_900102535.1, s__Sulfitobacter delicatus, 95.0, 79.13, 0.42; GCA_002703405.1, s__Sulfitobacter sp002703405, 95.0, 79.1, 0.46; GCF_018200035.1, s__Sulfitobacter sp018200035, 95.0, 79.09, 0.47; GCF_003054325.1, s__Sulfitobacter mediterraneus, 95.0, 79.02, 0.45; GCF_016801775.1, s__Sulfitobacter mediterraneus_A, 95.0, 79.0, 0.48; GCF_900106935.1, s__Sulfitobacter pontiacus, 95.0, 78.99, 0.43; GCF_900113435.1, s__Sulfitobacter dubius, 95.0, 78.92, 0.41; GCF_000172095.1, s__Sulfitobacter indolifex, 95.0, 78.92, 0.4; GCF_013282155.1, s__Sulfitobacter sp013282155, 95.0, 78.92, 0.44; GCF_010667575.1, s__Sulfitobacter sediminilitoris, 95.0, 78.9, 0.47; GCF_000622365.1, s__Sulfitobacter noctilucae, 95.0, 78.87, 0.44; GCF_000156335.1, s__Sulfitobacter sp000156335, 95.0, 78.87, 0.43; GCF_013346665.1, s__Sulfitobacter maritimus, 95.0, 78.86, 0.4; GCF_900103185.1, s__Sulfitobacter litoralis, 95.0, 78.57, 0.37; GCA_013002405.1, s__Sulfitobacter sp013002405, 95.0, 78.56, 0.48; GCF_006064855.1, s__Sulfitobacter sp006064855, 95.0, 78.52, 0.4; GCF_900112755.1, s__Sulfitobacter brevis, 95.0, 78.51, 0.41; GCF_014763045.1, s__Sulfitobacter aestuariivivens, 95.0, 78.43, 0.42; GCF_003352065.1, s__Sulfitobacter sp003352065, 95.0, 78.4, 0.39; GCF_000622325.1, s__Sulfitobacter geojensis, 95.0, 78.38, 0.45; GCF_000622385.1, s__Sulfitobacter noctilucicola, 95.0, 78.17, 0.35; GCA_013139555.1, s__Sulfitobacter sp013139555, 95.0, 78.07, 0.36; GCA_017854675.1, s__Sulfitobacter sp017854675, 95.0, 78.05, 0.38; GCF_900116285.1, s__Sulfitobacter marinus, 95.0, 78.04, 0.36; GCA_002731875.1, s__Sulfitobacter sp002731875, 95.0, 77.72, 0.24; GCF_000622405.1, s__Sulfitobacter donghicola, 95.0, 77.7, 0.25; GCF_003352085.1, s__Sulfitobacter sp003352085, 95.0, 77.38, 0.23; GCA_011050655.1, s__Sulfitobacter sp011050655, 95.0, 77.38, 0.18; GCF_014196805.1, s__Sulfitobacter undariae, 95.0, 77.34, 0.21; GCF_003610455.1, s__Sulfitobacter guttiformis, 95.0, 77.07, 0.22	97.2	11	N/A	N/A
scaffold_21	d__Bacteria;p__Proteobacteria;c__Alphaproteobacteria;o__Rhodobacterales;f__Rhodobacteraceae;g__Thalassobacter;s__	N/A	N/A	N/A	N/A	N/A	GCF_001458315.1	95.0	d__Bacteria;p__Proteobacteria;c__Alphaproteobacteria;o__Rhodobacterales;f__Rhodobacteraceae;g__Thalassobacter;s__Thalassobacter stenotrophicus	79.6	0.49	d__Bacteria;p__Proteobacteria;c__Alphaproteobacteria;o__Rhodobacterales;f__Rhodobacteraceae;g__;s__	taxonomic classification defined by topology and ANI	N/A	N/A	96.98	11	0.9793801863800684	N/A
scaffold_22	d__Bacteria;p__Bacteroidota;c__Rhodothermia;o__Balneolales;f__Balneolaceae;g__Balneola;s__Balneola sp001650905	GCF_001650905.1	95.0	d__Bacteria;p__Bacteroidota;c__Rhodothermia;o__Balneolales;f__Balneolaceae;g__Balneola;s__Balneola sp001650905	98.85	0.97	GCF_001650905.1	95.0	d__Bacteria;p__Bacteroidota;c__Rhodothermia;o__Balneolales;f__Balneolaceae;g__Balneola;s__Balneola sp001650905	98.85	0.97	d__Bacteria;p__Bacteroidota;c__Rhodothermia;o__Balneolales;f__Balneolaceae;g__Balneola;s__	taxonomic classification defined by topology and ANI	topological placement and ANI have congruent species assignments	GCA_017640785.1, s__Balneola sp017640785, 95.0, 93.49, 0.89; GCA_017643645.1, s__Balneola sp017643645, 95.0, 89.26, 0.79; GCA_002364085.1, s__Balneola sp002364085, 95.0, 85.65, 0.72; GCF_000375465.1, s__Balneola vulgaris, 95.0, 77.9, 0.15; GCA_006969905.1, s__Balneola sp006969905, 95.0, 76.81, 0.12	97.22	11	N/A	N/A
scaffold_234	d__Bacteria;p__Proteobacteria;c__Alphaproteobacteria;o__Rhodobacterales;f__Rhodobacteraceae;g__Sulfitobacter;s__Sulfitobacter pontiacus	GCF_900106935.1	95.0	d__Bacteria;p__Proteobacteria;c__Alphaproteobacteria;o__Rhodobacterales;f__Rhodobacteraceae;g__Sulfitobacter;s__Sulfitobacter pontiacus	97.41	0.98	GCF_900106935.1	95.0	d__Bacteria;p__Proteobacteria;c__Alphaproteobacteria;o__Rhodobacterales;f__Rhodobacteraceae;g__Sulfitobacter;s__Sulfitobacter pontiacus	97.41	0.98	d__Bacteria;p__Proteobacteria;c__Alphaproteobacteria;o__Rhodobacterales;f__Rhodobacteraceae;g__Sulfitobacter;s__	taxonomic classification defined by topology and ANI	topological placement and ANI have congruent species assignments	GCF_900103185.1, s__Sulfitobacter litoralis, 95.0, 88.7, 0.82; GCF_006064855.1, s__Sulfitobacter sp006064855, 95.0, 87.7, 0.8; GCF_000156335.1, s__Sulfitobacter sp000156335, 95.0, 80.84, 0.7; GCF_013282155.1, s__Sulfitobacter sp013282155, 95.0, 80.69, 0.69; GCF_900116285.1, s__Sulfitobacter marinus, 95.0, 80.52, 0.58; GCA_002731875.1, s__Sulfitobacter sp002731875, 95.0, 80.46, 0.51; GCA_013139555.1, s__Sulfitobacter sp013139555, 95.0, 80.38, 0.54; GCF_003611275.1, s__Sulfitobacter sp001634775, 95.0, 79.93, 0.54; GCF_000172095.1, s__Sulfitobacter indolifex, 95.0, 79.43, 0.45; GCA_011050655.1, s__Sulfitobacter sp011050655, 95.0, 79.27, 0.45; GCA_002703405.1, s__Sulfitobacter sp002703405, 95.0, 79.22, 0.42; GCF_003335585.1, s__Sulfitobacter sp003335585, 95.0, 79.18, 0.54; GCF_017743885.1, s__Sulfitobacter sp001635605, 95.0, 79.16, 0.53; GCF_001886735.1, s__Sulfitobacter alexandrii, 95.0, 79.07, 0.4; GCF_900112755.1, s__Sulfitobacter brevis, 95.0, 79.03, 0.45; GCF_900102535.1, s__Sulfitobacter delicatus, 95.0, 78.94, 0.49; GCF_009363555.1, s__Sulfitobacter sp009363555, 95.0, 78.83, 0.51; GCF_001650875.1, s__Sulfitobacter sp001650875, 95.0, 78.8, 0.53; GCF_013346665.1, s__Sulfitobacter maritimus, 95.0, 78.78, 0.43; GCF_000622385.1, s__Sulfitobacter noctilucicola, 95.0, 78.75, 0.34; GCF_000622325.1, s__Sulfitobacter geojensis, 95.0, 78.74, 0.44; GCF_900113435.1, s__Sulfitobacter dubius, 95.0, 78.72, 0.55; GCF_010667575.1, s__Sulfitobacter sediminilitoris, 95.0, 78.66, 0.38; GCF_018200035.1, s__Sulfitobacter sp018200035, 95.0, 78.58, 0.46; GCF_000622365.1, s__Sulfitobacter noctilucae, 95.0, 78.47, 0.38; GCF_016801775.1, s__Sulfitobacter mediterraneus_A, 95.0, 78.45, 0.36; GCA_017854855.1, s__Sulfitobacter sp017854855, 95.0, 78.41, 0.43; GCF_001634885.1, s__Sulfitobacter sp001634885, 95.0, 78.38, 0.41; GCF_003352065.1, s__Sulfitobacter sp003352065, 95.0, 78.35, 0.29; GCF_014763045.1, s__Sulfitobacter aestuariivivens, 95.0, 78.35, 0.33; GCF_000622405.1, s__Sulfitobacter donghicola, 95.0, 78.34, 0.25; GCA_017854675.1, s__Sulfitobacter sp017854675, 95.0, 78.23, 0.3; GCF_014196805.1, s__Sulfitobacter undariae, 95.0, 78.04, 0.27; GCF_003054325.1, s__Sulfitobacter mediterraneus, 95.0, 78.03, 0.39; GCF_003610455.1, s__Sulfitobacter guttiformis, 95.0, 78.01, 0.2; GCF_003352085.1, s__Sulfitobacter sp003352085, 95.0, 77.83, 0.29; GCA_013002405.1, s__Sulfitobacter sp013002405, 95.0, 77.73, 0.35	18.71	11	N/A	N/A
scaffold_243	d__Bacteria;p__Bacteroidota;c__Bacteroidia;o__Flavobacteriales;f__Flavobacteriaceae;g__Muricauda;s__	N/A	N/A	N/A	N/A	N/A	GCF_001683915.1	95.0	d__Bacteria;p__Bacteroidota;c__Bacteroidia;o__Flavobacteriales;f__Flavobacteriaceae;g__Muricauda;s__Muricauda sp001683915	86.74	0.49	d__Bacteria;p__Bacteroidota;c__Bacteroidia;o__Flavobacteriales;f__Flavobacteriaceae;g__Muricauda;s__	taxonomic classification defined by topology and ANI	N/A	GCF_000745185.1, s__Muricauda sp000745185, 95.0, 86.1, 0.43; GCF_017313225.1, s__Muricauda sp017313225, 95.0, 84.15, 0.36; GCF_003385855.1, s__Muricauda sp003385855, 95.0, 83.65, 0.28; GCA_013911645.1, s__Muricauda sp013911645, 95.0, 82.54, 0.22; GCF_003584135.1, s__Muricauda sp003584135, 95.0, 82.24, 0.21; GCF_003992675.1, s__Muricauda aquimarina, 95.0, 82.23, 0.19; GCF_003992595.1, s__Muricauda sp002452975, 95.0, 82.04, 0.23; GCF_002813125.1, s__Muricauda sp002813125, 95.0, 81.83, 0.18; GCF_004916895.1, s__Muricauda alvinocaridis, 95.0, 81.73, 0.22; GCF_009184425.1, s__Muricauda olearia, 95.0, 81.63, 0.27; GCF_010468565.1, s__Muricauda sp010468565, 95.0, 81.61, 0.22; GCF_003584165.1, s__Muricauda sp003584165, 95.0, 81.54, 0.19; GCF_000224085.1, s__Muricauda ruestringensis, 95.0, 81.44, 0.23; GCF_900102925.1, s__Muricauda zhangzhouensis, 95.0, 81.06, 0.19; GCF_017313105.1, s__Muricauda sp017313105, 95.0, 80.95, 0.12; GCF_900129665.1, s__Muricauda flava, 95.0, 80.92, 0.13; GCF_013407935.1, s__Muricauda sp013407935, 95.0, 80.87, 0.15; GCF_008040165.1, s__Muricauda hymeniacidonis, 95.0, 80.86, 0.1; GCF_017313275.1, s__Muricauda lutimaris_A, 95.0, 80.82, 0.17; GCA_018222835.1, s__Muricauda sp018222835, 95.0, 80.7, 0.15; GCF_003581615.1, s__Muricauda lutimaris, 95.0, 80.67, 0.22; GCF_003992615.1, s__Muricauda beolgyonensis, 95.0, 80.65, 0.2; GCF_018449435.1, s__Muricauda sp018449435, 95.0, 80.61, 0.11; GCA_017795065.1, s__Muricauda sp017795065, 95.0, 80.54, 0.22; GCF_011068285.1, s__Muricauda sp011068285, 95.0, 80.49, 0.25; GCA_002699205.1, s__Muricauda sp002699205, 95.0, 80.4, 0.26; GCF_003058265.1, s__Muricauda sp003058265, 95.0, 80.37, 0.24; GCF_001413955.1, s__Muricauda eckloniae, 95.0, 80.37, 0.13; GCF_010500845.1, s__Muricauda sediminis, 95.0, 80.31, 0.22; GCF_900215465.1, s__Muricauda pacifica_A, 95.0, 80.26, 0.12; GCF_010993815.1, s__Muricauda sp010993815, 95.0, 80.02, 0.13; GCF_003584105.1, s__Muricauda taeanensis, 95.0, 80.01, 0.23; GCF_014698935.1, s__Muricauda sp014698935, 95.0, 79.95, 0.11; GCF_003382275.1, s__Muricauda nanhaiensis, 95.0, 79.93, 0.14; GCF_003269425.1, s__Muricauda maritima, 95.0, 79.87, 0.12; GCF_005937185.1, s__Muricauda algicola, 95.0, 79.85, 0.14; GCF_003149745.1, s__Muricauda koreensis, 95.0, 79.74, 0.12; GCF_010993855.1, s__Muricauda sp010993855, 95.0, 79.63, 0.13; GCF_004296335.1, s__Muricauda sp004296335, 95.0, 79.61, 0.1; GCF_003057865.1, s__Muricauda brasiliensis, 95.0, 79.59, 0.22; GCF_003001695.1, s__Muricauda pacifica, 95.0, 79.5, 0.09; GCF_007785775.2, s__Muricauda sp003973595, 95.0, 79.44, 0.19; GCF_017313785.1, s__Muricauda sp002711825, 95.0, 79.33, 0.23; GCF_013090115.1, s__Muricauda amphidinii, 95.0, 79.31, 0.16; GCF_009903685.1, s__Muricauda ochracea, 95.0, 79.26, 0.17; GCF_004804315.1, s__Muricauda sp004804315, 95.0, 79.23, 0.14; GCA_002167435.2, s__Muricauda sp002167435, 95.0, 79.18, 0.18	17.43	11	0.9933087886965062	Genome domain questionable ( 17.5% Bacterial, 7.5% Archaeal)
scaffold_25	d__Bacteria;p__Proteobacteria;c__Alphaproteobacteria;o__Sphingomonadales;f__Sphingomonadaceae;g__Parasphingorhabdus;s__Parasphingorhabdus sp001650955	GCA_001650955.1	95.0	d__Bacteria;p__Proteobacteria;c__Alphaproteobacteria;o__Sphingomonadales;f__Sphingomonadaceae;g__Parasphingorhabdus;s__Parasphingorhabdus sp001650955	98.93	0.9	GCA_001650955.1	95.0	d__Bacteria;p__Proteobacteria;c__Alphaproteobacteria;o__Sphingomonadales;f__Sphingomonadaceae;g__Parasphingorhabdus;s__Parasphingorhabdus sp001650955	98.93	0.9	d__Bacteria;p__Proteobacteria;c__Alphaproteobacteria;o__Sphingomonadales;f__Sphingomonadaceae;g__Parasphingorhabdus;s__	taxonomic classification defined by topology and ANI	topological placement and ANI have congruent species assignments	GCF_001586275.1, s__Parasphingorhabdus sp001586275, 95.0, 79.53, 0.45; GCA_002354635.1, s__Parasphingorhabdus sp002354635, 95.0, 79.52, 0.44; GCF_002776575.1, s__Parasphingorhabdus sp002776575, 95.0, 79.51, 0.45; GCF_013371215.1, s__Parasphingorhabdus flavimaris, 95.0, 79.48, 0.45; GCF_902506555.1, s__Parasphingorhabdus sp902506555, 95.0, 79.45, 0.41; GCF_002218195.1, s__Parasphingorhabdus sp002218195, 95.0, 79.36, 0.42; GCA_002783865.1, s__Parasphingorhabdus sp002783865, 95.0, 79.26, 0.48; GCA_905479715.1, s__Parasphingorhabdus sp905479715, 95.0, 79.13, 0.47; GCA_002733865.1, s__Parasphingorhabdus sp002733865, 95.0, 79.08, 0.38; GCA_018067055.1, s__Parasphingorhabdus sp018067055, 95.0, 79.0, 0.48; GCA_013204445.1, s__Parasphingorhabdus sp013204445, 95.0, 78.66, 0.45; GCF_012516475.1, s__Parasphingorhabdus sp012516475, 95.0, 78.56, 0.33; GCF_900128895.1, s__Parasphingorhabdus marina, 95.0, 78.41, 0.3; GCA_900149705.1, s__Parasphingorhabdus sp900149705, 95.0, 78.4, 0.27; GCF_017498565.1, s__Parasphingorhabdus sp017498565, 95.0, 78.38, 0.31; GCF_900258045.1, s__Parasphingorhabdus sp900258045, 95.0, 78.32, 0.31; GCA_015478735.1, s__Parasphingorhabdus sp015478735, 95.0, 77.78, 0.31	98.43	11	N/A	N/A
scaffold_250	d__Bacteria;p__Bacteroidota;c__Bacteroidia;o__Flavobacteriales;f__Flavobacteriaceae;g__Muricauda;s__	N/A	N/A	N/A	N/A	N/A	GCF_001683915.1	95.0	d__Bacteria;p__Bacteroidota;c__Bacteroidia;o__Flavobacteriales;f__Flavobacteriaceae;g__Muricauda;s__Muricauda sp001683915	86.97	0.81	d__Bacteria;p__Bacteroidota;c__Bacteroidia;o__Flavobacteriales;f__Flavobacteriaceae;g__Muricauda;s__	taxonomic classification defined by topology and ANI	N/A	GCF_000745185.1, s__Muricauda sp000745185, 95.0, 82.92, 0.85; GCF_017313225.1, s__Muricauda sp017313225, 95.0, 82.89, 0.82; GCF_007785775.2, s__Muricauda sp003973595, 95.0, 79.17, 0.38; GCF_002813125.1, s__Muricauda sp002813125, 95.0, 78.63, 0.39; GCF_009184425.1, s__Muricauda olearia, 95.0, 78.62, 0.51; GCF_003385855.1, s__Muricauda sp003385855, 95.0, 78.59, 0.51; GCA_002167435.2, s__Muricauda sp002167435, 95.0, 78.56, 0.34; GCA_013911645.1, s__Muricauda sp013911645, 95.0, 78.51, 0.41; GCF_003584135.1, s__Muricauda sp003584135, 95.0, 78.5, 0.48; GCF_011068285.1, s__Muricauda sp011068285, 95.0, 78.5, 0.35; GCF_003058265.1, s__Muricauda sp003058265, 95.0, 78.44, 0.37; GCF_017313785.1, s__Muricauda sp002711825, 95.0, 78.42, 0.33; GCF_003992615.1, s__Muricauda beolgyonensis, 95.0, 78.41, 0.4; GCF_010468565.1, s__Muricauda sp010468565, 95.0, 78.4, 0.37; GCF_004916895.1, s__Muricauda alvinocaridis, 95.0, 78.36, 0.48; GCF_003581615.1, s__Muricauda lutimaris, 95.0, 78.35, 0.37; GCF_010500845.1, s__Muricauda sediminis, 95.0, 78.33, 0.41; GCF_900102925.1, s__Muricauda zhangzhouensis, 95.0, 78.33, 0.39; GCF_003584105.1, s__Muricauda taeanensis, 95.0, 78.12, 0.41; GCF_003992595.1, s__Muricauda sp002452975, 95.0, 78.08, 0.34; GCF_013407935.1, s__Muricauda sp013407935, 95.0, 78.06, 0.37; GCF_017313105.1, s__Muricauda sp017313105, 95.0, 78.04, 0.36; GCA_018222835.1, s__Muricauda sp018222835, 95.0, 78.03, 0.31; GCF_003584165.1, s__Muricauda sp003584165, 95.0, 78.03, 0.47; GCF_017313275.1, s__Muricauda lutimaris_A, 95.0, 77.97, 0.36; GCF_000224085.1, s__Muricauda ruestringensis, 95.0, 77.93, 0.42; GCA_017795065.1, s__Muricauda sp017795065, 95.0, 77.77, 0.32; GCF_003057865.1, s__Muricauda brasiliensis, 95.0, 77.71, 0.36; GCF_014698935.1, s__Muricauda sp014698935, 95.0, 77.54, 0.24; GCF_003992675.1, s__Muricauda aquimarina, 95.0, 77.45, 0.41; GCF_013090115.1, s__Muricauda amphidinii, 95.0, 77.43, 0.31; GCF_900129665.1, s__Muricauda flava, 95.0, 77.41, 0.24; GCF_003382275.1, s__Muricauda nanhaiensis, 95.0, 77.39, 0.3; GCF_004804315.1, s__Muricauda sp004804315, 95.0, 77.34, 0.26; GCA_002699205.1, s__Muricauda sp002699205, 95.0, 77.34, 0.27; GCF_008040165.1, s__Muricauda hymeniacidonis, 95.0, 77.33, 0.29; GCF_018449435.1, s__Muricauda sp018449435, 95.0, 77.22, 0.28; GCF_003269425.1, s__Muricauda maritima, 95.0, 77.21, 0.18; GCF_010993855.1, s__Muricauda sp010993855, 95.0, 77.2, 0.26; GCF_005937185.1, s__Muricauda algicola, 95.0, 77.18, 0.26; GCF_001413955.1, s__Muricauda eckloniae, 95.0, 77.11, 0.25; GCF_009903685.1, s__Muricauda ochracea, 95.0, 77.04, 0.27; GCF_004296335.1, s__Muricauda sp004296335, 95.0, 77.03, 0.19; GCF_010993815.1, s__Muricauda sp010993815, 95.0, 77.02, 0.24; GCF_900215465.1, s__Muricauda pacifica_A, 95.0, 76.99, 0.28; GCF_003149745.1, s__Muricauda koreensis, 95.0, 76.75, 0.27; GCF_003001695.1, s__Muricauda pacifica, 95.0, 76.66, 0.16	10.78	11	0.9845231341626337	Genome not assigned to closest species as it falls outside its pre-defined ANI radius
scaffold_255	d__Bacteria;p__Proteobacteria;c__Gammaproteobacteria;o__Burkholderiales;f__Methylophilaceae;g__GCA-2401735;s__	N/A	N/A	N/A	N/A	N/A	GCA_002401735.1	95.0	d__Bacteria;p__Proteobacteria;c__Gammaproteobacteria;o__Burkholderiales;f__Methylophilaceae;g__GCA-2401735;s__GCA-2401735 sp002401735	77.88	0.16	d__Bacteria;p__Proteobacteria;c__Gammaproteobacteria;o__Burkholderiales;f__Methylophilaceae;g__GCA-2401735;s__	taxonomic classification defined by topology and ANI	N/A	GCA_018398995.1, s__GCA-2401735 sp018398995, 95.0, 78.56, 0.2; GCA_006844635.1, s__GCA-2401735 sp006844635, 95.0, 77.24, 0.15; GCA_017857755.1, s__GCA-2401735 sp017857755, 95.0, 77.11, 0.13	15.01	11	0.9693546793876322	N/A
scaffold_26	d__Bacteria;p__Bacteroidota;c__Bacteroidia;o__Flavobacteriales;f__Flavobacteriaceae;g__Winogradskyella;s__	N/A	N/A	N/A	N/A	N/A	GCA_002364335.1	95.0	d__Bacteria;p__Bacteroidota;c__Bacteroidia;o__Flavobacteriales;f__Flavobacteriaceae;g__Winogradskyella;s__Winogradskyella sp002364335	81.38	0.62	d__Bacteria;p__Bacteroidota;c__Bacteroidia;o__Flavobacteriales;f__Flavobacteriaceae;g__Winogradskyella;s__	taxonomic classification defined by topology and ANI	N/A	GCA_016744625.1, s__Winogradskyella sp016744625, 95.0, 79.71, 0.45; GCF_014297365.1, s__Winogradskyella echinorum, 95.0, 79.55, 0.48; GCF_900099995.1, s__Winogradskyella thalassocola, 95.0, 79.52, 0.44; GCF_013403915.1, s__Winogradskyella pacifica, 95.0, 79.49, 0.41; GCF_003386165.1, s__Winogradskyella eximia, 95.0, 79.46, 0.45; GCF_018860565.1, s__Winogradskyella psychrotolerans_B, 95.0, 79.45, 0.45; GCF_000427335.1, s__Winogradskyella psychrotolerans, 95.0, 79.38, 0.42; GCF_013403985.1, s__Winogradskyella ludwigii, 95.0, 79.35, 0.44; GCA_000171875.1, s__Winogradskyella sp000171875, 95.0, 79.35, 0.43; GCF_000828715.1, s__Winogradskyella sp000828715, 95.0, 79.27, 0.44; GCF_013404085.1, s__Winogradskyella helgolandensis, 95.0, 79.25, 0.44; GCF_013249065.1, s__Winogradskyella litoriviva, 95.0, 79.23, 0.44; GCF_013403925.1, s__Winogradskyella wichelsiae, 95.0, 79.21, 0.41; GCF_009741275.1, s__Winogradskyella endarachnes, 95.0, 79.11, 0.43; GCF_003387355.1, s__Winogradskyella sediminis, 95.0, 79.11, 0.38; GCF_013285155.1, s__Winogradskyella undariae, 95.0, 79.1, 0.42; GCF_015645385.1, s__Winogradskyella sp015645385, 95.0, 79.09, 0.4; GCF_018860545.1, s__Winogradskyella psychrotolerans_A, 95.0, 78.97, 0.41; GCF_013403865.1, s__Winogradskyella costae, 95.0, 78.97, 0.41; GCF_013249045.1, s__Winogradskyella eckloniae, 95.0, 78.96, 0.39; GCF_013403955.1, s__Winogradskyella vidalii, 95.0, 78.88, 0.38; GCF_013394655.1, s__Winogradskyella schleiferi, 95.0, 78.76, 0.36; GCF_013394595.1, s__Winogradskyella forsetii, 95.0, 78.58, 0.34; GCF_019203985.1, s__Winogradskyella sp019203985, 95.0, 78.52, 0.37; GCA_002722255.1, s__Winogradskyella sp002722255, 95.0, 78.51, 0.34; GCF_009709615.1, s__Winogradskyella ouciana, 95.0, 78.48, 0.37; GCF_003337305.1, s__Winogradskyella arenosi, 95.0, 78.42, 0.32; GCF_003217215.1, s__Winogradskyella epiphytica, 95.0, 78.39, 0.35; GCF_005869935.1, s__Winogradskyella algicola, 95.0, 78.39, 0.38; GCA_013002225.1, s__Winogradskyella sp013002225, 95.0, 78.36, 0.38; GCF_014243395.1, s__Winogradskyella flava, 95.0, 78.33, 0.33; GCF_001971725.1, s__Winogradskyella sp001971725, 95.0, 78.32, 0.38; GCA_013042245.1, s__Winogradskyella sp013042245, 95.0, 78.29, 0.34; GCA_002682935.1, s__Winogradskyella sp002682935, 95.0, 78.22, 0.38; GCF_002163855.1, s__Winogradskyella sp002163855, 95.0, 78.15, 0.36; GCA_002706045.1, s__Winogradskyella sp002706045, 95.0, 78.12, 0.3; GCA_905480385.1, s__Winogradskyella sp905480385, 95.0, 78.08, 0.4; GCA_013213835.1, s__Winogradskyella sp013213835, 95.0, 78.06, 0.31; GCF_900129745.1, s__Winogradskyella jejuensis, 95.0, 78.05, 0.33; GCF_013403975.1, s__Winogradskyella ursingii, 95.0, 78.0, 0.3; GCA_004211785.1, s__Winogradskyella sp004211785, 95.0, 77.96, 0.33; GCA_013213975.1, s__Winogradskyella sp013213975, 95.0, 77.94, 0.29; GCF_003335675.1, s__Winogradskyella sp003335675, 95.0, 77.89, 0.3; GCF_014635865.1, s__Winogradskyella haliclonae, 95.0, 77.85, 0.34; GCF_004346845.1, s__Winogradskyella wandonensis, 95.0, 77.82, 0.34; GCA_003712105.1, s__Winogradskyella sp003712105, 95.0, 77.63, 0.27; GCF_017581965.1, s__Winogradskyella sp017581965, 95.0, 77.59, 0.25; GCF_003260205.1, s__Winogradskyella tangerina, 95.0, 77.58, 0.26; GCF_002266855.1, s__Winogradskyella aurantia, 95.0, 77.31, 0.22; GCA_013003655.1, s__Winogradskyella sp013003655, 95.0, 77.14, 0.27; GCF_003362725.1, s__Winogradskyella aurantiaca, 95.0, 76.95, 0.12	96.72	11	0.9840003341210689	Genome not assigned to closest species as it falls outside its pre-defined ANI radius
scaffold_268	d__Bacteria;p__Proteobacteria;c__Gammaproteobacteria;o__Pseudomonadales;f__Pseudohongiellaceae;g__Pseudohongiella;s__	N/A	N/A	N/A	N/A	N/A	N/A	N/A	N/A	N/A	N/A	d__Bacteria;p__Proteobacteria;c__Gammaproteobacteria;o__Pseudomonadales;f__Pseudohongiellaceae;g__Pseudohongiella;s__	ANI	N/A	GCF_001758195.1, s__Pseudohongiella acticola, 95.0, 80.35, 0.25; GCF_001642735.1, s__Pseudohongiella nitratireducens, 95.0, 80.24, 0.15; GCF_001444425.1, s__Pseudohongiella spirulinae, 95.0, 79.74, 0.31; GCA_002706685.1, s__Pseudohongiella sp002706685, 95.0, 79.38, 0.28; GCA_004535785.1, s__Pseudohongiella sp004535785, 95.0, 79.3, 0.23; GCA_011050365.1, s__Pseudohongiella sp011050365, 95.0, 79.2, 0.27; GCA_002422225.1, s__Pseudohongiella sp002422225, 95.0, 78.97, 0.14; GCA_002711845.1, s__Pseudohongiella sp002711845, 95.0, 78.86, 0.29; GCA_002354805.1, s__Pseudohongiella sp002354805, 95.0, 78.77, 0.25	32.07	11	0.9264712755508294	N/A
scaffold_27	d__Bacteria;p__Bacteroidota;c__Bacteroidia;o__Flavobacteriales;f__Schleiferiaceae;g__;s__	N/A	N/A	N/A	N/A	N/A	N/A	N/A	N/A	N/A	N/A	d__Bacteria;p__Bacteroidota;c__Bacteroidia;o__Flavobacteriales;f__Schleiferiaceae;g__;s__	taxonomic novelty determined using RED	N/A	N/A	98.39	11	0.8216684152279892	N/A
scaffold_275	d__Bacteria;p__Proteobacteria;c__Gammaproteobacteria;o__Pseudomonadales;f__Pseudohongiellaceae;g__Pseudohongiella;s__	N/A	N/A	N/A	N/A	N/A	GCF_001444425.1	95.0	d__Bacteria;p__Proteobacteria;c__Gammaproteobacteria;o__Pseudomonadales;f__Pseudohongiellaceae;g__Pseudohongiella;s__Pseudohongiella spirulinae	78.55	0.32	d__Bacteria;p__Proteobacteria;c__Gammaproteobacteria;o__Pseudomonadales;f__Pseudohongiellaceae;g__Pseudohongiella;s__	taxonomic classification defined by topology and ANI	N/A	GCF_001642735.1, s__Pseudohongiella nitratireducens, 95.0, 79.05, 0.11; GCA_011050365.1, s__Pseudohongiella sp011050365, 95.0, 79.04, 0.3; GCF_001758195.1, s__Pseudohongiella acticola, 95.0, 78.61, 0.3; GCA_002706685.1, s__Pseudohongiella sp002706685, 95.0, 77.96, 0.26; GCA_002354805.1, s__Pseudohongiella sp002354805, 95.0, 77.62, 0.25; GCA_002711845.1, s__Pseudohongiella sp002711845, 95.0, 77.54, 0.32; GCA_004535785.1, s__Pseudohongiella sp004535785, 95.0, 76.92, 0.14; GCA_002422225.1, s__Pseudohongiella sp002422225, 95.0, 76.57, 0.09	10.8	11	0.965545720013177	Genome domain questionable ( 10.8% Bacterial, 1.9% Archaeal)
scaffold_28	d__Bacteria;p__Proteobacteria;c__Alphaproteobacteria;o__Caulobacterales;f__Hyphomonadaceae;g__Hyphomonas;s__Hyphomonas sp000682775	GCF_000682775.1	95.0	d__Bacteria;p__Proteobacteria;c__Alphaproteobacteria;o__Caulobacterales;f__Hyphomonadaceae;g__Hyphomonas;s__Hyphomonas sp000682775	95.78	0.94	GCF_000682775.1	95.0	d__Bacteria;p__Proteobacteria;c__Alphaproteobacteria;o__Caulobacterales;f__Hyphomonadaceae;g__Hyphomonas;s__Hyphomonas sp000682775	95.78	0.94	d__Bacteria;p__Proteobacteria;c__Alphaproteobacteria;o__Caulobacterales;f__Hyphomonadaceae;g__Hyphomonas;s__	taxonomic classification defined by topology and ANI	topological placement and ANI have congruent species assignments	GCA_002414505.1, s__Hyphomonas sp002414505, 95.0, 85.53, 0.73; GCA_017792385.1, s__Hyphomonas sp017792385, 95.0, 82.35, 0.68; GCF_000682715.1, s__Hyphomonas atlantica, 95.0, 81.52, 0.62; GCA_018222605.1, s__Hyphomonas sp002695785, 95.0, 80.61, 0.52; GCF_000682755.1, s__Hyphomonas beringensis, 95.0, 80.44, 0.51; GCF_000682675.1, s__Hyphomonas pacifica, 95.0, 80.33, 0.49; GCA_000961795.1, s__Hyphomonas sp000961795, 95.0, 79.48, 0.33; GCF_000682695.1, s__Hyphomonas chukchiensis, 95.0, 79.27, 0.36; GCF_000685295.1, s__Hyphomonas oceanitis, 95.0, 79.15, 0.34; GCA_000961695.1, s__Hyphomonas sp000961695, 95.0, 79.11, 0.36; GCA_018827375.1, s__Hyphomonas sp018827375, 95.0, 78.97, 0.33; GCF_000682735.1, s__Hyphomonas sp000682735, 95.0, 78.75, 0.37; GCA_002700305.1, s__Hyphomonas sp002700305, 95.0, 78.63, 0.36; GCA_014763715.1, s__Hyphomonas sp014763715, 95.0, 78.6, 0.36; GCF_000685235.1, s__Hyphomonas adhaerens, 95.0, 78.57, 0.36; GCF_000685215.1, s__Hyphomonas jannaschiana, 95.0, 78.56, 0.37; GCA_002282565.1, s__Hyphomonas sp002282565, 95.0, 78.35, 0.25; GCF_000685275.1, s__Hyphomonas johnsonii, 95.0, 78.25, 0.31; GCA_018830285.1, s__Hyphomonas sp018830285, 95.0, 78.01, 0.33; GCA_013791775.1, s__Hyphomonas sp013791775, 95.0, 77.99, 0.25; GCA_003486945.1, s__Hyphomonas sp003486945, 95.0, 77.9, 0.2; GCA_013823385.1, s__Hyphomonas sp013823385, 95.0, 77.82, 0.26; GCF_000685315.1, s__Hyphomonas polymorpha, 95.0, 77.77, 0.24; GCA_002841155.1, s__Hyphomonas sp002841155, 95.0, 77.61, 0.25; GCF_000013025.1, s__Hyphomonas neptunium, 95.0, 77.53, 0.24; GCA_016712445.1, s__Hyphomonas sp016712445, 95.0, 77.52, 0.26; GCA_001464545.1, s__Hyphomonas sp001464545, 95.0, 77.39, 0.25; GCA_018402285.1, s__Hyphomonas sp018402285, 95.0, 77.37, 0.23; GCA_016125515.1, s__Hyphomonas sp016125515, 95.0, 77.31, 0.27; GCA_016124495.1, s__Hyphomonas sp016124495, 95.0, 76.97, 0.2	97.9	11	N/A	N/A
scaffold_283	d__Bacteria;p__Proteobacteria;c__Alphaproteobacteria;o__Rhodobacterales;f__Rhodobacteraceae;g__Sulfitobacter;s__Sulfitobacter pontiacus	GCF_900106935.1	95.0	d__Bacteria;p__Proteobacteria;c__Alphaproteobacteria;o__Rhodobacterales;f__Rhodobacteraceae;g__Sulfitobacter;s__Sulfitobacter pontiacus	97.32	0.97	GCF_900106935.1	95.0	d__Bacteria;p__Proteobacteria;c__Alphaproteobacteria;o__Rhodobacterales;f__Rhodobacteraceae;g__Sulfitobacter;s__Sulfitobacter pontiacus	97.32	0.97	d__Bacteria;p__Proteobacteria;c__Alphaproteobacteria;o__Rhodobacterales;f__Rhodobacteraceae;g__Sulfitobacter;s__	taxonomic classification defined by topology and ANI	topological placement and ANI have congruent species assignments	GCF_900103185.1, s__Sulfitobacter litoralis, 95.0, 88.11, 0.89; GCF_006064855.1, s__Sulfitobacter sp006064855, 95.0, 86.94, 0.84; GCF_013282155.1, s__Sulfitobacter sp013282155, 95.0, 81.59, 0.75; GCF_000156335.1, s__Sulfitobacter sp000156335, 95.0, 81.34, 0.77; GCA_002731875.1, s__Sulfitobacter sp002731875, 95.0, 81.1, 0.55; GCA_013139555.1, s__Sulfitobacter sp013139555, 95.0, 80.85, 0.59; GCF_900116285.1, s__Sulfitobacter marinus, 95.0, 80.22, 0.69; GCA_011050655.1, s__Sulfitobacter sp011050655, 95.0, 79.53, 0.49; GCF_001650875.1, s__Sulfitobacter sp001650875, 95.0, 79.37, 0.58; GCF_017743885.1, s__Sulfitobacter sp001635605, 95.0, 79.17, 0.57; GCF_003335585.1, s__Sulfitobacter sp003335585, 95.0, 79.03, 0.66; GCF_900113435.1, s__Sulfitobacter dubius, 95.0, 78.97, 0.58; GCF_013346665.1, s__Sulfitobacter maritimus, 95.0, 78.75, 0.52; GCF_003054325.1, s__Sulfitobacter mediterraneus, 95.0, 78.68, 0.55; GCF_003611275.1, s__Sulfitobacter sp001634775, 95.0, 78.66, 0.6; GCF_018200035.1, s__Sulfitobacter sp018200035, 95.0, 78.65, 0.53; GCF_000622325.1, s__Sulfitobacter geojensis, 95.0, 78.55, 0.58; GCF_009363555.1, s__Sulfitobacter sp009363555, 95.0, 78.5, 0.56; GCF_016801775.1, s__Sulfitobacter mediterraneus_A, 95.0, 78.42, 0.53; GCA_017854855.1, s__Sulfitobacter sp017854855, 95.0, 78.4, 0.5; GCF_000172095.1, s__Sulfitobacter indolifex, 95.0, 78.35, 0.48; GCA_017854675.1, s__Sulfitobacter sp017854675, 95.0, 78.29, 0.42; GCF_900112755.1, s__Sulfitobacter brevis, 95.0, 78.19, 0.47; GCF_001634885.1, s__Sulfitobacter sp001634885, 95.0, 78.17, 0.49; GCF_900102535.1, s__Sulfitobacter delicatus, 95.0, 78.16, 0.59; GCA_002703405.1, s__Sulfitobacter sp002703405, 95.0, 78.08, 0.49; GCF_001886735.1, s__Sulfitobacter alexandrii, 95.0, 78.07, 0.49; GCF_000622365.1, s__Sulfitobacter noctilucae, 95.0, 77.91, 0.51; GCF_003352065.1, s__Sulfitobacter sp003352065, 95.0, 77.85, 0.48; GCF_014196805.1, s__Sulfitobacter undariae, 95.0, 77.82, 0.36; GCF_010667575.1, s__Sulfitobacter sediminilitoris, 95.0, 77.78, 0.47; GCF_000622405.1, s__Sulfitobacter donghicola, 95.0, 77.78, 0.41; GCF_003352085.1, s__Sulfitobacter sp003352085, 95.0, 77.76, 0.37; GCF_000622385.1, s__Sulfitobacter noctilucicola, 95.0, 77.66, 0.47; GCF_014763045.1, s__Sulfitobacter aestuariivivens, 95.0, 77.57, 0.34; GCA_013002405.1, s__Sulfitobacter sp013002405, 95.0, 77.36, 0.39; GCF_003610455.1, s__Sulfitobacter guttiformis, 95.0, 77.3, 0.28	13.42	11	N/A	N/A
scaffold_284	d__Bacteria;p__Proteobacteria;c__Gammaproteobacteria;o__Burkholderiales;f__Methylophilaceae;g__GCA-2401735;s__	N/A	N/A	N/A	N/A	N/A	N/A	N/A	N/A	N/A	N/A	d__Bacteria;p__Proteobacteria;c__Gammaproteobacteria;o__Burkholderiales;f__Methylophilaceae;g__GCA-2401735;s__	ANI	N/A	GCA_002401735.1, s__GCA-2401735 sp002401735, 95.0, 77.36, 0.15; GCA_006844635.1, s__GCA-2401735 sp006844635, 95.0, 77.07, 0.17; GCA_018398995.1, s__GCA-2401735 sp018398995, 95.0, 77.02, 0.25; GCA_017857755.1, s__GCA-2401735 sp017857755, 95.0, 76.78, 0.19	11.52	11	0.9595505433417942	N/A
scaffold_312	d__Bacteria;p__Proteobacteria;c__Gammaproteobacteria;o__Pseudomonadales;f__Alcanivoracaceae;g__Alcanivorax;s__Alcanivorax jadensis	GCF_000756655.1	95.0	d__Bacteria;p__Proteobacteria;c__Gammaproteobacteria;o__Pseudomonadales;f__Alcanivoracaceae;g__Alcanivorax;s__Alcanivorax jadensis	97.71	0.96	GCF_000756655.1	95.0	d__Bacteria;p__Proteobacteria;c__Gammaproteobacteria;o__Pseudomonadales;f__Alcanivoracaceae;g__Alcanivorax;s__Alcanivorax jadensis	97.71	0.96	d__Bacteria;p__Proteobacteria;c__Gammaproteobacteria;o__Pseudomonadales;f__Alcanivoracaceae;g__Alcanivorax;s__	taxonomic classification defined by topology and ANI	topological placement and ANI have congruent species assignments	GCA_003862375.1, s__Alcanivorax jadensis_A, 95.0, 90.15, 0.83; GCA_014762765.1, s__Alcanivorax sp014762765, 95.0, 89.98, 0.72; GCF_900107995.1, s__Alcanivorax sp900107995, 95.0, 89.43, 0.88; GCF_000155615.1, s__Alcanivorax sp000155615, 95.0, 84.67, 0.77; GCA_002733835.1, s__Alcanivorax sp002733835, 95.0, 84.27, 0.62; GCF_000300995.1, s__Alcanivorax hongdengensis, 95.0, 84.25, 0.61; GCA_002706085.1, s__Alcanivorax sp002706085, 95.0, 83.68, 0.61; GCF_009882945.1, s__Alcanivorax sp009882945, 95.0, 83.66, 0.71; GCF_009601165.1, s__Alcanivorax sediminis, 95.0, 82.87, 0.65; GCF_000756665.1, s__Alcanivorax nanhaiticus, 95.0, 82.85, 0.66; GCA_017794965.1, s__Alcanivorax sp017794965, 95.0, 82.75, 0.72; GCF_003597125.1, s__Alcanivorax profundi, 95.0, 82.57, 0.65; GCA_002726155.1, s__Alcanivorax sp002726155, 95.0, 82.12, 0.63; GCF_005938655.1, s__Alcanivorax gelatiniphagus, 95.0, 80.34, 0.4; GCF_015265435.1, s__Alcanivorax profundimaris, 95.0, 79.84, 0.46; GCF_000009365.1, s__Alcanivorax borkumensis, 95.0, 79.75, 0.45; GCA_017794945.1, s__Alcanivorax sp009711585, 95.0, 79.7, 0.4; GCF_016906305.1, s__Alcanivorax marinus_B, 95.0, 79.65, 0.38; GCF_015356855.1, s__Alcanivorax venustensis, 95.0, 79.64, 0.42; GCF_016785095.1, s__Alcanivorax marinus_A, 95.0, 79.11, 0.43; GCA_002389055.1, s__Alcanivorax sp002389055, 95.0, 79.07, 0.33; GCF_900217905.1, s__Alcanivorax xenomutans, 95.0, 78.92, 0.3; GCF_002864685.1, s__Alcanivorax mobilis, 95.0, 78.61, 0.39; GCF_004360225.1, s__Alcanivorax sp004360225, 95.0, 78.59, 0.36; GCF_000300005.1, s__Alcanivorax dieselolei, 95.0, 78.29, 0.35	10.33	11	N/A	Genome domain questionable ( 10.8% Bacterial, 1.9% Archaeal)
scaffold_33	d__Bacteria;p__Proteobacteria;c__Alphaproteobacteria;o__Caulobacterales;f__Maricaulaceae;g__Litorimonas;s__	N/A	N/A	N/A	N/A	N/A	GCF_014652695.1	95.0	d__Bacteria;p__Proteobacteria;c__Alphaproteobacteria;o__Caulobacterales;f__Maricaulaceae;g__Litorimonas;s__Litorimonas arctica	79.83	0.56	d__Bacteria;p__Proteobacteria;c__Alphaproteobacteria;o__Caulobacterales;f__Maricaulaceae;g__Litorimonas;s__	taxonomic classification defined by topology and ANI	N/A	GCF_003634015.1, s__Litorimonas taeanensis, 95.0, 78.27, 0.05; GCF_014652455.1, s__Litorimonas cladophorae, 95.0, 76.93, 0.08	97.2	11	0.9915226087204272	Genome not assigned to closest species as it falls outside its pre-defined ANI radius
scaffold_338	d__Bacteria;p__Proteobacteria;c__Gammaproteobacteria;o__Burkholderiales;f__Methylophilaceae;g__GCA-2401735;s__	N/A	N/A	N/A	N/A	N/A	GCA_002401735.1	95.0	d__Bacteria;p__Proteobacteria;c__Gammaproteobacteria;o__Burkholderiales;f__Methylophilaceae;g__GCA-2401735;s__GCA-2401735 sp002401735	79.95	0.14	d__Bacteria;p__Proteobacteria;c__Gammaproteobacteria;o__Burkholderiales;f__Methylophilaceae;g__GCA-2401735;s__	taxonomic classification defined by topology and ANI	N/A	GCA_018398995.1, s__GCA-2401735 sp018398995, 95.0, 81.47, 0.24; GCA_006844635.1, s__GCA-2401735 sp006844635, 95.0, 80.17, 0.17; GCA_017857755.1, s__GCA-2401735 sp017857755, 95.0, 78.81, 0.18	14.0	11	0.9653164599431239	N/A
scaffold_341	d__Bacteria;p__Bacteroidota;c__Bacteroidia;o__Flavobacteriales;f__Flavobacteriaceae;g__Muricauda;s__	N/A	N/A	N/A	N/A	N/A	GCF_001683915.1	95.0	d__Bacteria;p__Bacteroidota;c__Bacteroidia;o__Flavobacteriales;f__Flavobacteriaceae;g__Muricauda;s__Muricauda sp001683915	88.69	0.82	d__Bacteria;p__Bacteroidota;c__Bacteroidia;o__Flavobacteriales;f__Flavobacteriaceae;g__Muricauda;s__	taxonomic classification defined by topology and ANI	N/A	GCF_000745185.1, s__Muricauda sp000745185, 95.0, 85.24, 0.84; GCF_017313225.1, s__Muricauda sp017313225, 95.0, 85.24, 0.82; GCF_003584135.1, s__Muricauda sp003584135, 95.0, 81.41, 0.56; GCF_003385855.1, s__Muricauda sp003385855, 95.0, 81.01, 0.57; GCF_009184425.1, s__Muricauda olearia, 95.0, 80.63, 0.66; GCF_004916895.1, s__Muricauda alvinocaridis, 95.0, 80.34, 0.64; GCF_003058265.1, s__Muricauda sp003058265, 95.0, 80.27, 0.42; GCF_003992595.1, s__Muricauda sp002452975, 95.0, 80.21, 0.42; GCA_002167435.2, s__Muricauda sp002167435, 95.0, 80.18, 0.44; GCA_013911645.1, s__Muricauda sp013911645, 95.0, 80.11, 0.54; GCA_002699205.1, s__Muricauda sp002699205, 95.0, 80.08, 0.39; GCF_010468565.1, s__Muricauda sp010468565, 95.0, 79.99, 0.5; GCF_011068285.1, s__Muricauda sp011068285, 95.0, 79.8, 0.51; GCF_003584165.1, s__Muricauda sp003584165, 95.0, 79.75, 0.51; GCF_000224085.1, s__Muricauda ruestringensis, 95.0, 79.69, 0.54; GCF_017313785.1, s__Muricauda sp002711825, 95.0, 79.55, 0.49; GCF_007785775.2, s__Muricauda sp003973595, 95.0, 79.54, 0.56; GCF_003057865.1, s__Muricauda brasiliensis, 95.0, 79.53, 0.51; GCF_003992675.1, s__Muricauda aquimarina, 95.0, 79.53, 0.42; GCF_002813125.1, s__Muricauda sp002813125, 95.0, 79.5, 0.5; GCF_013407935.1, s__Muricauda sp013407935, 95.0, 79.47, 0.47; GCF_001413955.1, s__Muricauda eckloniae, 95.0, 79.45, 0.4; GCF_003269425.1, s__Muricauda maritima, 95.0, 79.42, 0.26; GCF_003382275.1, s__Muricauda nanhaiensis, 95.0, 79.38, 0.48; GCF_005937185.1, s__Muricauda algicola, 95.0, 79.33, 0.4; GCF_014698935.1, s__Muricauda sp014698935, 95.0, 79.3, 0.32; GCF_003992615.1, s__Muricauda beolgyonensis, 95.0, 79.28, 0.46; GCA_018222835.1, s__Muricauda sp018222835, 95.0, 79.27, 0.39; GCF_010993855.1, s__Muricauda sp010993855, 95.0, 79.23, 0.39; GCF_010500845.1, s__Muricauda sediminis, 95.0, 79.23, 0.52; GCF_017313105.1, s__Muricauda sp017313105, 95.0, 79.22, 0.47; GCF_003584105.1, s__Muricauda taeanensis, 95.0, 79.19, 0.48; GCF_900129665.1, s__Muricauda flava, 95.0, 79.18, 0.39; GCF_003001695.1, s__Muricauda pacifica, 95.0, 79.11, 0.32; GCF_004296335.1, s__Muricauda sp004296335, 95.0, 79.05, 0.26; GCF_003581615.1, s__Muricauda lutimaris, 95.0, 79.05, 0.51; GCF_018449435.1, s__Muricauda sp018449435, 95.0, 79.05, 0.33; GCF_013090115.1, s__Muricauda amphidinii, 95.0, 79.03, 0.46; GCF_017313275.1, s__Muricauda lutimaris_A, 95.0, 79.02, 0.46; GCF_900102925.1, s__Muricauda zhangzhouensis, 95.0, 78.94, 0.54; GCF_008040165.1, s__Muricauda hymeniacidonis, 95.0, 78.92, 0.41; GCF_003149745.1, s__Muricauda koreensis, 95.0, 78.89, 0.36; GCF_004804315.1, s__Muricauda sp004804315, 95.0, 78.85, 0.38; GCA_017795065.1, s__Muricauda sp017795065, 95.0, 78.76, 0.46; GCF_009903685.1, s__Muricauda ochracea, 95.0, 78.73, 0.42; GCF_900215465.1, s__Muricauda pacifica_A, 95.0, 78.67, 0.47; GCF_010993815.1, s__Muricauda sp010993815, 95.0, 78.57, 0.34	13.98	11	0.9849468308014899	Genome not assigned to closest species as it falls outside its pre-defined ANI radius
scaffold_342	d__Bacteria;p__Proteobacteria;c__Gammaproteobacteria;o__Pseudomonadales;f__Pseudohongiellaceae;g__Pseudohongiella;s__	N/A	N/A	N/A	N/A	N/A	N/A	N/A	N/A	N/A	N/A	d__Bacteria;p__Proteobacteria;c__Gammaproteobacteria;o__Pseudomonadales;f__Pseudohongiellaceae;g__Pseudohongiella;s__	ANI	N/A	GCF_001758195.1, s__Pseudohongiella acticola, 95.0, 79.93, 0.24; GCA_002706685.1, s__Pseudohongiella sp002706685, 95.0, 78.89, 0.38; GCA_011050365.1, s__Pseudohongiella sp011050365, 95.0, 78.65, 0.33; GCA_002354805.1, s__Pseudohongiella sp002354805, 95.0, 78.6, 0.38; GCF_001444425.1, s__Pseudohongiella spirulinae, 95.0, 78.6, 0.33; GCA_002711845.1, s__Pseudohongiella sp002711845, 95.0, 78.4, 0.33; GCA_004535785.1, s__Pseudohongiella sp004535785, 95.0, 77.26, 0.22; GCF_001642735.1, s__Pseudohongiella nitratireducens, 95.0, 77.23, 0.2; GCA_002422225.1, s__Pseudohongiella sp002422225, 95.0, 75.4, 0.09	14.79	11	0.9456816817890835	N/A
scaffold_35	d__Bacteria;p__Bacteroidota;c__Bacteroidia;o__Flavobacteriales;f__Flavobacteriaceae;g__Gilvibacter;s__	N/A	N/A	N/A	N/A	N/A	GCA_003229235.1	95.0	d__Bacteria;p__Bacteroidota;c__Bacteroidia;o__Flavobacteriales;f__Flavobacteriaceae;g__Gilvibacter;s__Gilvibacter sp003229235	79.32	0.51	d__Bacteria;p__Bacteroidota;c__Bacteroidia;o__Flavobacteriales;f__Flavobacteriaceae;g__Gilvibacter;s__	taxonomic classification defined by topology and ANI	N/A	GCF_002163875.1, s__Gilvibacter sp002163875, 95.0, 77.5, 0.15; GCA_013214815.1, s__Gilvibacter sp013214815, 95.0, 77.46, 0.12	97.76	11	0.9715885560828852	Genome not assigned to closest species as it falls outside its pre-defined ANI radius
scaffold_367	d__Bacteria;p__Proteobacteria;c__Gammaproteobacteria;o__Pseudomonadales;f__Halieaceae;g__Haliea;s__Haliea salexigens	GCF_000423125.1	95.0	d__Bacteria;p__Proteobacteria;c__Gammaproteobacteria;o__Pseudomonadales;f__Halieaceae;g__Haliea;s__Haliea salexigens	97.91	0.96	GCF_000423125.1	95.0	d__Bacteria;p__Proteobacteria;c__Gammaproteobacteria;o__Pseudomonadales;f__Halieaceae;g__Haliea;s__Haliea salexigens	97.91	0.96	d__Bacteria;p__Proteobacteria;c__Gammaproteobacteria;o__Pseudomonadales;f__Halieaceae;g__Haliea;s__	taxonomic classification defined by topology and ANI	topological placement and ANI have congruent species assignments	GCF_003719295.1, s__Haliea alexandrii, 95.0, 93.77, 0.93; GCA_002414665.1, s__Haliea sp002414665, 95.0, 83.29, 0.83; GCA_002416125.1, s__Haliea sp002416125, 95.0, 83.06, 0.89	12.45	11	N/A	N/A
scaffold_37	d__Bacteria;p__Bacteroidota;c__Rhodothermia;o__Balneolales;f__Balneolaceae;g__Balneola;s__	N/A	N/A	N/A	N/A	N/A	N/A	N/A	N/A	N/A	N/A	d__Bacteria;p__Bacteroidota;c__Rhodothermia;o__Balneolales;f__Balneolaceae;g__Balneola;s__	ANI	N/A	GCF_001650905.1, s__Balneola sp001650905, 95.0, 79.78, 0.42; GCA_017640785.1, s__Balneola sp017640785, 95.0, 79.71, 0.43; GCA_017643645.1, s__Balneola sp017643645, 95.0, 79.64, 0.43; GCA_002364085.1, s__Balneola sp002364085, 95.0, 79.53, 0.4; GCF_000375465.1, s__Balneola vulgaris, 95.0, 77.81, 0.17; GCA_006969905.1, s__Balneola sp006969905, 95.0, 76.88, 0.1	97.06	11	0.9534165842780052	N/A
scaffold_388	d__Bacteria;p__Bacteroidota;c__Bacteroidia;o__Flavobacteriales;f__Flavobacteriaceae;g__Muricauda;s__	N/A	N/A	N/A	N/A	N/A	GCF_001683915.1	95.0	d__Bacteria;p__Bacteroidota;c__Bacteroidia;o__Flavobacteriales;f__Flavobacteriaceae;g__Muricauda;s__Muricauda sp001683915	88.48	0.85	d__Bacteria;p__Bacteroidota;c__Bacteroidia;o__Flavobacteriales;f__Flavobacteriaceae;g__Muricauda;s__	taxonomic classification defined by topology and ANI	N/A	GCF_000745185.1, s__Muricauda sp000745185, 95.0, 85.34, 0.87; GCF_017313225.1, s__Muricauda sp017313225, 95.0, 84.15, 0.93; GCF_003385855.1, s__Muricauda sp003385855, 95.0, 80.88, 0.56; GCA_002699205.1, s__Muricauda sp002699205, 95.0, 80.35, 0.44; GCF_009184425.1, s__Muricauda olearia, 95.0, 80.33, 0.59; GCF_000224085.1, s__Muricauda ruestringensis, 95.0, 80.23, 0.46; GCF_004916895.1, s__Muricauda alvinocaridis, 95.0, 80.04, 0.57; GCF_002813125.1, s__Muricauda sp002813125, 95.0, 79.95, 0.46; GCF_010500845.1, s__Muricauda sediminis, 95.0, 79.95, 0.48; GCF_900102925.1, s__Muricauda zhangzhouensis, 95.0, 79.89, 0.48; GCF_007785775.2, s__Muricauda sp003973595, 95.0, 79.82, 0.46; GCF_003058265.1, s__Muricauda sp003058265, 95.0, 79.76, 0.54; GCF_003584165.1, s__Muricauda sp003584165, 95.0, 79.75, 0.52; GCF_003992675.1, s__Muricauda aquimarina, 95.0, 79.75, 0.49; GCF_008040165.1, s__Muricauda hymeniacidonis, 95.0, 79.71, 0.44; GCF_010993815.1, s__Muricauda sp010993815, 95.0, 79.59, 0.25; GCF_003584135.1, s__Muricauda sp003584135, 95.0, 79.55, 0.61; GCF_003992615.1, s__Muricauda beolgyonensis, 95.0, 79.53, 0.49; GCF_003584105.1, s__Muricauda taeanensis, 95.0, 79.51, 0.49; GCA_017795065.1, s__Muricauda sp017795065, 95.0, 79.47, 0.38; GCA_002167435.2, s__Muricauda sp002167435, 95.0, 79.46, 0.46; GCF_013407935.1, s__Muricauda sp013407935, 95.0, 79.46, 0.41; GCF_017313275.1, s__Muricauda lutimaris_A, 95.0, 79.39, 0.49; GCF_900215465.1, s__Muricauda pacifica_A, 95.0, 79.34, 0.38; GCF_003149745.1, s__Muricauda koreensis, 95.0, 79.29, 0.33; GCA_018222835.1, s__Muricauda sp018222835, 95.0, 79.29, 0.46; GCA_013911645.1, s__Muricauda sp013911645, 95.0, 79.29, 0.46; GCF_003057865.1, s__Muricauda brasiliensis, 95.0, 79.24, 0.48; GCF_013090115.1, s__Muricauda amphidinii, 95.0, 79.21, 0.43; GCF_011068285.1, s__Muricauda sp011068285, 95.0, 79.07, 0.51; GCF_900129665.1, s__Muricauda flava, 95.0, 79.06, 0.38; GCF_003992595.1, s__Muricauda sp002452975, 95.0, 79.04, 0.49; GCF_001413955.1, s__Muricauda eckloniae, 95.0, 79.03, 0.39; GCF_017313785.1, s__Muricauda sp002711825, 95.0, 79.0, 0.43; GCF_010468565.1, s__Muricauda sp010468565, 95.0, 78.97, 0.46; GCF_010993855.1, s__Muricauda sp010993855, 95.0, 78.93, 0.38; GCF_003382275.1, s__Muricauda nanhaiensis, 95.0, 78.89, 0.44; GCF_003581615.1, s__Muricauda lutimaris, 95.0, 78.86, 0.52; GCF_009903685.1, s__Muricauda ochracea, 95.0, 78.84, 0.34; GCF_017313105.1, s__Muricauda sp017313105, 95.0, 78.8, 0.51; GCF_014698935.1, s__Muricauda sp014698935, 95.0, 78.59, 0.41; GCF_003269425.1, s__Muricauda maritima, 95.0, 78.59, 0.3; GCF_005937185.1, s__Muricauda algicola, 95.0, 78.57, 0.34; GCF_004804315.1, s__Muricauda sp004804315, 95.0, 78.43, 0.34; GCF_018449435.1, s__Muricauda sp018449435, 95.0, 78.19, 0.33; GCF_003001695.1, s__Muricauda pacifica, 95.0, 77.86, 0.26; GCF_004296335.1, s__Muricauda sp004296335, 95.0, 77.53, 0.31	12.17	11	0.985205562387748	Genome not assigned to closest species as it falls outside its pre-defined ANI radius
scaffold_4	d__Bacteria;p__Bacteroidota;c__Bacteroidia;o__Cytophagales;f__Cyclobacteriaceae;g__Marinoscillum;s__	N/A	N/A	N/A	N/A	N/A	GCA_002729235.1	95.0	d__Bacteria;p__Bacteroidota;c__Bacteroidia;o__Cytophagales;f__Cyclobacteriaceae;g__Marinoscillum;s__Marinoscillum sp002729235	78.06	0.22	d__Bacteria;p__Bacteroidota;c__Bacteroidia;o__Cytophagales;f__Cyclobacteriaceae;g__Marinoscillum;s__	taxonomic classification defined by topology and ANI	N/A	GCF_902506655.1, s__Marinoscillum sp902506655, 95.0, 77.28, 0.12; GCF_003386095.1, s__Marinoscillum furvescens, 95.0, 77.11, 0.1	95.97	11	0.9419491635701549	N/A
scaffold_40	d__Bacteria;p__Proteobacteria;c__Alphaproteobacteria;o__Rhodobacterales;f__Rhodobacteraceae;g__Marivita;s__	N/A	N/A	N/A	N/A	N/A	GCF_014637725.1	95.0	d__Bacteria;p__Proteobacteria;c__Alphaproteobacteria;o__Rhodobacterales;f__Rhodobacteraceae;g__Marivita;s__Marivita lacus	83.44	0.69	d__Bacteria;p__Proteobacteria;c__Alphaproteobacteria;o__Rhodobacterales;f__Rhodobacteraceae;g__Marivita;s__	taxonomic classification defined by topology and ANI	N/A	GCA_017643905.1, s__Marivita sp017643905, 95.0, 82.21, 0.6; GCF_002115725.1, s__Marivita cryptomonadis, 95.0, 82.1, 0.66; GCF_002115805.1, s__Marivita geojedonensis, 95.0, 81.53, 0.62; GCA_003149565.1, s__Marivita sp003149565, 95.0, 81.03, 0.54; GCF_900129875.1, s__Marivita hallyeonensis, 95.0, 79.53, 0.49	59.99	11	0.9935903501844188	Genome not assigned to closest species as it falls outside its pre-defined ANI radius
scaffold_417	d__Bacteria;p__Proteobacteria;c__Gammaproteobacteria;o__Burkholderiales;f__Methylophilaceae;g__GCA-2401735;s__	N/A	N/A	N/A	N/A	N/A	N/A	N/A	N/A	N/A	N/A	d__Bacteria;p__Proteobacteria;c__Gammaproteobacteria;o__Burkholderiales;f__Methylophilaceae;g__GCA-2401735;s__	ANI	N/A	GCA_006844635.1, s__GCA-2401735 sp006844635, 95.0, 81.96, 0.26; GCA_018398995.1, s__GCA-2401735 sp018398995, 95.0, 80.79, 0.42; GCA_017857755.1, s__GCA-2401735 sp017857755, 95.0, 80.06, 0.34; GCA_002401735.1, s__GCA-2401735 sp002401735, 95.0, 79.01, 0.34	16.42	11	0.9595069949966125	Genome domain questionable ( 16.7% Bacterial, 7.5% Archaeal)
scaffold_426	d__Bacteria;p__Proteobacteria;c__Gammaproteobacteria;o__Pseudomonadales;f__Oleiphilaceae;g__Marinobacter;s__Marinobacter alexandrii	GCF_005871205.1	95.0	d__Bacteria;p__Proteobacteria;c__Gammaproteobacteria;o__Pseudomonadales;f__Oleiphilaceae;g__Marinobacter;s__Marinobacter alexandrii	97.15	0.96	GCF_005871205.1	95.0	d__Bacteria;p__Proteobacteria;c__Gammaproteobacteria;o__Pseudomonadales;f__Oleiphilaceae;g__Marinobacter;s__Marinobacter alexandrii	97.15	0.96	d__Bacteria;p__Proteobacteria;c__Gammaproteobacteria;o__Pseudomonadales;f__Oleiphilaceae;g__Marinobacter;s__	taxonomic classification defined by topology and ANI	topological placement and ANI have congruent species assignments	GCA_000830985.1, s__Marinobacter similis, 95.0, 91.13, 0.83; GCF_016820575.1, s__Marinobacter sediminum, 95.0, 90.66, 0.83; GCF_003994855.1, s__Marinobacter sp003994855, 95.0, 85.84, 0.6; GCF_000284615.1, s__Marinobacter hydrocarbonoclasticus, 95.0, 85.56, 0.48; GCA_014359475.1, s__Marinobacter sp014359475, 95.0, 85.48, 0.42; GCF_900114775.1, s__Marinobacter zhejiangensis, 95.0, 85.45, 0.33; GCF_900188315.1, s__Marinobacter sp900188315, 95.8497, 85.12, 0.58; GCF_018424605.1, s__Marinobacter lipolyticus_B, 95.0, 85.11, 0.6; GCF_001447155.2, s__Marinobacter sp001447155, 95.0, 84.99, 0.56; GCF_001854125.1, s__Marinobacter salinus, 95.0, 84.86, 0.62; GCF_002744735.1, s__Marinobacter guineae, 95.0, 84.74, 0.6; GCA_017643965.1, s__Marinobacter sp017643965, 95.0, 84.71, 0.35; GCF_000166295.1, s__Marinobacter adhaerens, 96.6719, 84.63, 0.69; GCF_003007715.1, s__Marinobacter shengliensis, 95.0, 84.55, 0.56; GCF_016427555.1, s__Marinobacter litoralis_A, 95.0, 84.54, 0.4; GCF_003318275.1, s__Marinobacter sp003318275, 95.0, 84.47, 0.4; GCF_000169375.1, s__Marinobacter sp000169375, 95.0, 84.46, 0.4; GCF_004353225.1, s__Marinobacter sp004353225, 95.0, 84.42, 0.44; GCF_003441595.1, s__Marinobacter sp003441595, 95.0, 84.28, 0.67; GCF_000170835.1, s__Marinobacter algicola, 95.0, 84.2, 0.52; GCF_002407605.1, s__Marinobacter sp002407605, 95.0, 84.18, 0.44; GCF_011074795.1, s__Marinobacter salicampi, 95.0, 84.17, 0.33; GCF_900215155.1, s__Marinobacter sp900215155, 95.0, 84.16, 0.52; GCF_000397065.2, s__Marinobacter lipolyticus, 95.0, 84.1, 0.46; GCF_001045555.1, s__Marinobacter subterrani, 95.0, 84.09, 0.73; GCF_002933275.1, s__Marinobacter maroccanus, 95.0, 84.08, 0.69; GCF_900188435.1, s__Marinobacter sp900188435, 95.0, 84.07, 0.71; GCF_007671675.1, s__Marinobacter maritimus, 95.0, 84.07, 0.42; GCF_009617755.1, s__Marinobacter salsuginis, 95.0, 83.99, 0.62; GCF_008370345.1, s__Marinobacter sp008370345, 95.0, 83.98, 0.42; GCF_018860425.1, s__Marinobacter sp018860425, 95.0, 83.98, 0.6; GCF_000235625.1, s__Marinobacter manganoxydans_A, 96.5877, 83.97, 0.62; GCF_008795985.1, s__Marinobacter halotolerans, 95.0, 83.91, 0.48; GCA_000831005.1, s__Marinobacter salarius, 95.0, 83.89, 0.54; GCF_900115175.1, s__Marinobacter gudaonensis, 95.0, 83.88, 0.69; GCF_004785685.1, s__Marinobacter confluentis, 95.0, 83.87, 0.46; GCF_002933295.1, s__Marinobacter flavimaris, 96.6719, 83.85, 0.67; GCF_001043175.1, s__Marinobacter psychrophilus, 95.0, 83.81, 0.35; GCF_002563885.1, s__Marinobacter sp002563885, 95.0, 83.77, 0.42; GCF_009193265.1, s__Marinobacter changyiensis, 95.0, 83.75, 0.35; GCF_002258215.1, s__Marinobacter vinifirmus, 95.0, 83.74, 0.56; GCF_000686085.1, s__Marinobacter sp000686085, 95.0, 83.72, 0.6; GCF_002934325.1, s__Marinobacter persicus_A, 95.0, 83.63, 0.6; GCF_008107725.1, s__Marinobacter sp008107725, 95.0, 83.62, 0.73; GCF_018860765.1, s__Marinobacter salexigens_A, 95.0, 83.56, 0.4; GCA_018402255.1, s__Marinobacter sp018402255, 95.0, 83.54, 0.6; GCF_001650915.1, s__Marinobacter sp001650915, 95.0, 83.51, 0.65; GCF_003007685.1, s__Marinobacter halophilus, 95.0, 83.44, 0.54; GCF_003336705.1, s__Marinobacter litoralis, 95.0, 83.42, 0.44; GCF_900106945.1, s__Marinobacter mobilis, 95.0, 83.33, 0.44; GCF_002806975.1, s__Marinobacter aromaticivorans, 95.0, 83.28, 0.46; GCF_001858325.1, s__Marinobacter sp001858325, 95.0, 83.24, 0.44; GCF_008795955.1, s__Marinobacter sp008795955, 95.0, 83.2, 0.52; GCF_014201735.1, s__Marinobacter oulmenensis, 95.0, 83.15, 0.52; GCF_017301335.1, s__Marinobacter sp017301335, 95.0, 83.12, 0.62; GCF_000934705.1, s__Marinobacter excellens, 95.0, 83.12, 0.58; GCF_000708045.1, s__Marinobacter nitratireducens, 95.0, 83.08, 0.54; GCF_002806945.1, s__Marinobacter salexigens, 95.0, 83.02, 0.38; GCF_005298175.1, s__Marinobacter sp005298175, 95.0, 83.01, 0.58; GCF_900115285.1, s__Marinobacter daqiaonensis, 95.0, 83.0, 0.35; GCF_000347775.1, s__Marinobacter santoriniensis, 95.0, 82.99, 0.5; GCF_002744715.1, s__Marinobacter profundi, 95.0, 82.98, 0.52; GCF_003007675.1, s__Marinobacter fuscus, 95.0, 82.98, 0.54; GCF_900142385.1, s__Marinobacter antarcticus, 95.0, 82.91, 0.48; GCF_016597815.1, s__Marinobacter sp016597815, 95.0, 82.8, 0.42; GCF_016597725.1, s__Marinobacter sp016597725, 95.0, 82.77, 0.4; GCF_000421165.1, s__Marinobacter daepoensis, 95.0, 82.48, 0.48; GCF_011074955.1, s__Marinobacter caseinilyticus, 95.0, 82.46, 0.52; GCF_014651935.1, s__Marinobacter zhanjiangensis, 95.0, 82.46, 0.52; GCF_004792665.1, s__Marinobacter orientalis, 95.0, 82.45, 0.44; GCF_900114925.1, s__Marinobacter pelagius, 95.0, 82.44, 0.58; GCF_007671655.1, s__Marinobacter piscensis, 95.0, 82.39, 0.42; GCF_003344045.1, s__Marinobacter vulgaris, 95.0, 82.38, 0.5; GCF_000372805.1, s__Marinobacter gelidimuriae, 95.0, 82.37, 0.38; GCF_900114155.1, s__Marinobacter persicus, 95.0, 82.36, 0.5; GCF_001981305.1, s__Marinobacter lutaoensis, 95.0, 82.33, 0.52; GCF_003315345.1, s__Marinobacter pelagius_A, 95.0, 82.13, 0.6; GCF_900111555.1, s__Marinobacter segnicrescens, 95.0, 81.78, 0.38; GCA_014859525.1, s__Marinobacter sp014859525, 95.0, 81.69, 0.48; GCF_001752365.1, s__Marinobacter sp001752365, 95.0, 81.32, 0.42; GCA_018066865.1, s__Marinobacter sp018066865, 95.0, 81.01, 0.25; GCA_002726615.1, s__Marinobacter sp002726615, 95.0, 80.56, 0.23; GCA_018334495.1, s__Marinobacter sp018334495, 95.0, 80.49, 0.23; GCA_018623515.1, s__Marinobacter sp018623515, 95.0, 80.27, 0.38; GCA_011049865.1, s__Marinobacter antarcticus_A, 95.0, 80.08, 0.21; GCA_002707215.1, s__Marinobacter sp002707215, 95.0, 79.74, 0.33; GCA_003030785.1, s__Marinobacter sp003030785, 95.0, 79.58, 0.38; GCA_014762755.1, s__Marinobacter sp014762755, 95.0, 79.26, 0.35; GCA_013393545.1, s__Marinobacter sp013393545, 95.0, 78.48, 0.35	18.37	11	N/A	Genome domain questionable ( 20.8% Bacterial, 11.3% Archaeal)
scaffold_599	d__Bacteria;p__Proteobacteria;c__Alphaproteobacteria;o__Rhodobacterales;f__Rhodobacteraceae;g__Sulfitobacter;s__Sulfitobacter pontiacus	GCF_900106935.1	95.0	d__Bacteria;p__Proteobacteria;c__Alphaproteobacteria;o__Rhodobacterales;f__Rhodobacteraceae;g__Sulfitobacter;s__Sulfitobacter pontiacus	98.36	1.0	GCF_900106935.1	95.0	d__Bacteria;p__Proteobacteria;c__Alphaproteobacteria;o__Rhodobacterales;f__Rhodobacteraceae;g__Sulfitobacter;s__Sulfitobacter pontiacus	98.36	1.0	d__Bacteria;p__Proteobacteria;c__Alphaproteobacteria;o__Rhodobacterales;f__Rhodobacteraceae;g__Sulfitobacter;s__	taxonomic classification defined by topology and ANI	topological placement and ANI have congruent species assignments	GCF_006064855.1, s__Sulfitobacter sp006064855, 95.0, 91.35, 1.0; GCF_900103185.1, s__Sulfitobacter litoralis, 95.0, 91.07, 0.88; GCA_002731875.1, s__Sulfitobacter sp002731875, 95.0, 89.19, 0.75; GCF_900116285.1, s__Sulfitobacter marinus, 95.0, 88.25, 0.81; GCF_013282155.1, s__Sulfitobacter sp013282155, 95.0, 88.16, 0.94; GCA_013139555.1, s__Sulfitobacter sp013139555, 95.0, 88.01, 0.75; GCF_000156335.1, s__Sulfitobacter sp000156335, 95.0, 87.82, 0.88; GCA_011050655.1, s__Sulfitobacter sp011050655, 95.0, 87.04, 0.88; GCF_000622365.1, s__Sulfitobacter noctilucae, 95.0, 85.22, 0.81; GCF_016801775.1, s__Sulfitobacter mediterraneus_A, 95.0, 85.09, 0.81; GCF_003054325.1, s__Sulfitobacter mediterraneus, 95.0, 84.98, 0.75; GCF_000172095.1, s__Sulfitobacter indolifex, 95.0, 84.93, 0.81; GCA_002703405.1, s__Sulfitobacter sp002703405, 95.0, 84.78, 0.62; GCF_000622325.1, s__Sulfitobacter geojensis, 95.0, 84.73, 0.69; GCF_010667575.1, s__Sulfitobacter sediminilitoris, 95.0, 84.22, 0.75; GCF_900102535.1, s__Sulfitobacter delicatus, 95.0, 84.21, 0.88; GCF_900112755.1, s__Sulfitobacter brevis, 95.0, 83.88, 0.88; GCF_900113435.1, s__Sulfitobacter dubius, 95.0, 83.82, 0.69; GCF_003352065.1, s__Sulfitobacter sp003352065, 95.0, 83.8, 0.81; GCF_003611275.1, s__Sulfitobacter sp001634775, 95.0, 83.61, 0.88; GCF_000622405.1, s__Sulfitobacter donghicola, 95.0, 83.59, 0.75; GCA_017854855.1, s__Sulfitobacter sp017854855, 95.0, 83.57, 0.56; GCF_001650875.1, s__Sulfitobacter sp001650875, 95.0, 83.51, 0.75; GCF_000622385.1, s__Sulfitobacter noctilucicola, 95.0, 83.47, 0.88; GCF_014196805.1, s__Sulfitobacter undariae, 95.0, 83.21, 0.69; GCF_001886735.1, s__Sulfitobacter alexandrii, 95.0, 83.06, 0.75; GCF_017743885.1, s__Sulfitobacter sp001635605, 95.0, 83.03, 0.88; GCF_013346665.1, s__Sulfitobacter maritimus, 95.0, 82.85, 0.81; GCF_009363555.1, s__Sulfitobacter sp009363555, 95.0, 82.5, 0.81; GCA_017854675.1, s__Sulfitobacter sp017854675, 95.0, 82.48, 0.56; GCF_003335585.1, s__Sulfitobacter sp003335585, 95.0, 82.42, 0.94; GCF_003610455.1, s__Sulfitobacter guttiformis, 95.0, 82.42, 0.75; GCF_001634885.1, s__Sulfitobacter sp001634885, 95.0, 82.09, 0.88; GCF_003352085.1, s__Sulfitobacter sp003352085, 95.0, 81.69, 0.88; GCA_013002405.1, s__Sulfitobacter sp013002405, 95.0, 81.65, 0.5; GCF_018200035.1, s__Sulfitobacter sp018200035, 95.0, 81.49, 0.75; GCF_014763045.1, s__Sulfitobacter aestuariivivens, 95.0, 81.32, 0.88	16.64	11	N/A	Genome domain questionable ( 16.7% Bacterial, 11.3% Archaeal)
